date,AUD,CAD,CHF,CNY,GBP,JPY,KRW,MYR,USD,ZAR,IDR
1/2/2023,1.5699,1.4506,0.9873,7.3698,0.8863,139.62,1357.8,4.7059,1.0683,18.1719,16631.78
1/3/2023,1.5708,1.4414,0.9879,7.2863,0.88048,137.93,1346.51,4.6439,1.0545,18.019,16471.95
1/4/2023,1.5452,1.4363,0.9843,7.2985,0.88076,138.74,1348.95,4.6641,1.0599,17.8349,16504.76
1/5/2023,1.5515,1.4316,0.9839,7.2863,0.88303,140.95,1345.9,4.6517,1.0601,18.125,16543.07
1/6/2023,1.559,1.4331,0.9864,7.2045,0.88475,141.3,1337.18,4.6237,1.05,18.2092,16468.3
1/9/2023,1.5446,1.4299,0.9865,7.2546,0.88048,141.35,1330.37,4.68,1.0696,18.2059,16661.92
1/10/2023,1.5616,1.4382,0.9908,7.2732,0.8833,141.92,1338.38,4.6889,1.0723,18.3054,16675.07
1/11/2023,1.5588,1.4429,0.9967,7.2807,0.88673,142.61,1341.01,4.6975,1.0747,18.2827,16612.34
1/12/2023,1.557,1.4439,1.0056,7.27,0.8869,140.61,1340.17,4.6955,1.0772,18.1417,16456.12
1/13/2023,1.5586,1.4494,1.0051,7.2729,0.888,139.02,1343.41,4.689,1.0814,18.2482,16412
1/16/2023,1.5537,1.4486,1.0026,7.2791,0.88758,138.92,1340.22,4.6665,1.0812,18.445,16335.03
1/17/2023,1.5611,1.4547,0.9998,7.3473,0.88595,139.5,1343.5,4.6912,1.0843,18.6027,16467.83
1/18/2023,1.5413,1.4505,0.9906,7.3193,0.8753,139.79,1337.16,4.6754,1.0839,18.396,16307.2
1/19/2023,1.5726,1.4603,0.9921,7.3424,0.87648,139.02,1340.52,4.6591,1.0815,18.6931,16429.66
1/20/2023,1.5619,1.4583,0.9962,7.3425,0.876,140.86,1336.47,4.6395,1.0826,18.577,16367.67
1/23/2023,1.5529,1.4523,1.0013,7.373,0.8797,141.65,1335.67,4.6588,1.0871,18.6597,16314.27
1/24/2023,1.547,1.4517,1.0053,7.3642,0.88368,141.47,1341.6,4.6448,1.0858,18.7687,16259.05
1/25/2023,1.536,1.4544,1.002,7.3778,0.88248,141.17,1343.93,4.6357,1.0878,18.6745,16278.93
1/26/2023,1.5308,1.4568,1.0002,7.3893,0.87945,141.38,1342.51,4.6255,1.0895,18.6127,16298.97
1/27/2023,1.5289,1.4479,1.0017,7.369,0.87885,141.1,1341.37,4.6116,1.0865,18.7185,16281.15
1/30/2023,1.539,1.4532,1.0045,7.3601,0.87978,141.79,1338.87,4.6272,1.0903,18.889,16335.28
1/31/2023,1.5476,1.457,1.0032,7.3198,0.88073,141.27,1338.9,4.6211,1.0833,18.9223,16282.57
2/1/2023,1.5392,1.4506,0.998,7.3452,0.88413,141.37,1339.22,4.6471,1.0894,18.8328,16299.47
2/2/2023,1.5407,1.4602,0.9992,7.3878,0.89289,141.12,1345.9,4.6655,1.0988,18.7046,16360.69
2/3/2023,1.5499,1.4616,0.9989,7.3689,0.8925,140.45,1346.17,4.657,1.0937,18.7624,16312.7
2/6/2023,1.5596,1.4459,0.9964,7.309,0.89278,142.41,1353.65,4.5884,1.0776,18.9013,16338.36
2/7/2023,1.547,1.4371,0.9906,7.2608,0.89338,141.3,1348.81,4.6035,1.07,18.8746,16239.13
2/8/2023,1.5416,1.4389,0.9881,7.2841,0.888,140.81,1351.4,4.6144,1.0735,18.9129,16227.39
2/9/2023,1.5409,1.4423,0.989,7.2992,0.88515,140.8,1355.38,4.6488,1.0771,19.0134,16279.95
2/10/2023,1.5432,1.4364,0.9872,7.2837,0.88348,139.88,1354.1,4.6314,1.069,19.0834,16233.33
2/13/2023,1.5388,1.4263,0.9849,7.293,0.88281,141.65,1364.06,4.6618,1.0686,19.1664,16278.44
2/14/2023,1.5411,1.4332,0.987,7.3314,0.88125,142.14,1362.59,4.6786,1.0759,19.1656,16303.53
2/15/2023,1.5529,1.4356,0.9885,7.3229,0.88825,143.05,1374.34,4.7,1.07,19.2891,16320.55
2/16/2023,1.55,1.4334,0.9873,7.3351,0.88883,143.31,1376.52,4.7123,1.07,19.4066,16193.38
2/17/2023,1.556,1.4366,0.9896,7.3081,0.88888,143.18,1383.32,4.709,1.0625,19.265,16160.7
2/20/2023,1.5456,1.4367,0.9861,7.3191,0.88738,143.09,1384.38,4.7291,1.0674,19.3471,16178.69
2/21/2023,1.5517,1.4351,0.9853,7.3372,0.87925,143.76,1387.03,4.7268,1.0664,19.4579,16194.81
2/22/2023,1.5576,1.4408,0.987,7.3367,0.87945,143.24,1386.99,4.7275,1.0644,19.4048,16178.12
2/23/2023,1.5551,1.4366,0.9892,7.3227,0.8814,143.32,1376.59,4.7071,1.0616,19.4076,16141.05
2/24/2023,1.5668,1.4374,0.9898,7.3398,0.88245,143.55,1387.18,4.6883,1.057,19.5243,16098.17
2/27/2023,1.5739,1.4334,0.9929,7.3378,0.88073,143.88,1396,4.7266,1.0554,19.4574,16119.69
2/28/2023,1.576,1.4411,0.9947,7.3663,0.87701,145.23,1401.84,4.7653,1.0619,19.5518,16193.42
3/1/2023,1.5776,1.4531,0.9997,7.3349,0.88574,144.82,1389.03,4.7784,1.0684,19.3769,16273.43
3/2/2023,1.5773,1.4448,0.9988,7.3285,0.88785,145.07,1392.26,4.7463,1.0605,19.3211,16246.63
3/3/2023,1.5728,1.4437,0.9958,7.3326,0.8853,144.55,1383.24,4.7513,1.0615,19.2837,16256.46
3/6/2023,1.5807,1.4493,0.9947,7.3802,0.8863,144.64,1381.49,4.7673,1.0646,19.3688,16326.06
3/7/2023,1.6002,1.4552,0.9959,7.3975,0.88968,145.21,1392.09,4.7699,1.0665,19.5975,16403.79
3/8/2023,1.5978,1.4499,0.9931,7.3315,0.89074,144.7,1389.6,4.7721,1.0545,19.5893,16290.52
3/9/2023,1.5965,1.4574,0.9911,7.3515,0.88814,143.82,1395,4.7715,1.0554,19.6578,16294.3
3/10/2023,1.6064,1.4643,0.9824,7.3594,0.88258,144.7,1398.24,4.7849,1.0586,19.425,16402.95
3/13/2023,1.6066,1.4745,0.975,7.3413,0.8837,141.96,1399.19,4.8145,1.0706,19.4545,16497.9
3/14/2023,1.6052,1.4689,0.9784,7.3758,0.88054,144.09,1402.36,4.8177,1.0737,19.3931,16492.99
3/15/2023,1.5888,1.4504,0.9727,7.2865,0.87243,139.51,1393.75,4.7296,1.0549,19.419,16352.53
3/16/2023,1.5932,1.4565,0.982,7.3045,0.8782,140.18,1388.4,4.772,1.0595,19.4759,16365.21
3/17/2023,1.5874,1.4584,0.9858,7.3117,0.87488,140.57,1389.84,4.7649,1.0623,19.4988,16332.02
3/20/2023,1.5978,1.4669,0.9928,7.3739,0.8756,140.77,1401.82,4.8076,1.0717,19.7861,16453.38
3/21/2023,1.6136,1.4726,0.997,7.4058,0.88033,142.63,1406.34,4.8196,1.0776,19.9659,16490.75
3/22/2023,1.6132,1.4782,0.996,7.4238,0.87925,143.13,1406.43,4.8047,1.0785,19.8529,16465.08
3/23/2023,1.6242,1.4875,0.9969,7.4312,0.88523,142.87,1396.18,4.8063,1.0879,19.7787,16450.63
3/24/2023,1.6189,1.4816,0.9874,7.3826,0.8794,139.85,1401.12,4.7579,1.0745,19.5755,16316.05
3/27/2023,1.6204,1.4769,0.9875,7.4131,0.87818,141.64,1400.23,4.7633,1.0773,19.7373,16319.16
3/28/2023,1.6219,1.4803,0.9947,7.4554,0.87938,141.69,1407.94,4.7717,1.0841,19.7029,16353.4
3/29/2023,1.6252,1.4739,0.9973,7.4679,0.87988,143.58,1411.29,4.7927,1.0847,19.6494,16335.17
3/30/2023,1.6263,1.474,0.9963,7.4898,0.88164,144.42,1413.65,4.8143,1.0886,19.646,16376.04
3/31/2023,1.6268,1.4737,0.9968,7.4763,0.8792,144.83,1420.26,4.7986,1.0875,19.3275,16300.19
4/3/2023,1.608,1.4628,0.9949,7.4832,0.8779,144.51,1429.43,4.8035,1.087,19.4208,16269.13
4/4/2023,1.6154,1.4641,0.9954,7.5034,0.87333,144.94,1434.69,4.803,1.0901,19.4414,16251.48
4/5/2023,1.6325,1.4719,0.9901,7.5265,0.87685,143.74,1434.8,4.812,1.094,19.6107,16330.9
4/6/2023,1.6312,1.4704,0.9878,7.5014,0.87495,143.49,1438.81,4.8015,1.0915,19.8929,16290.63
4/11/2023,1.6387,1.4732,0.9868,7.508,0.87738,145.28,1441.82,4.8184,1.0905,19.9013,16263.25
4/12/2023,1.6377,1.4728,0.9853,7.5183,0.88038,146.09,1448.1,4.8193,1.0922,20.133,16253.32
4/13/2023,1.6343,1.4759,0.9804,7.5758,0.88058,146.81,1441.15,4.8466,1.1015,19.971,16224.93
4/14/2023,1.6309,1.4725,0.9827,7.5761,0.8844,146.6,1438.43,4.8673,1.1057,19.9352,16291.79
4/17/2023,1.6356,1.4673,0.9812,7.5433,0.88373,146.97,1444.13,4.8558,1.0981,19.8937,16299.22
4/18/2023,1.6276,1.4679,0.9831,7.5436,0.88143,146.89,1445.35,4.865,1.0972,19.9299,16319.23
4/19/2023,1.6301,1.4698,0.9828,7.5406,0.88108,147.24,1458.87,4.8564,1.0933,19.9808,16390.21
4/20/2023,1.629,1.4757,0.981,7.5298,0.88153,147.46,1450.34,4.8564,1.0944,19.8552,16364.81
4/21/2023,1.6394,1.4859,0.9795,7.5619,0.8857,146.92,1458.64,4.8715,1.0978,19.8967,16423.09
4/24/2023,1.6468,1.4906,0.98,7.5837,0.88463,148.17,1468.59,4.8821,1.1002,19.9476,16447.99
4/25/2023,1.6564,1.4984,0.9786,7.6289,0.88645,147.91,1475.7,4.9046,1.1022,20.1501,16463.59
4/26/2023,1.6725,1.5035,0.9824,7.6424,0.8856,147.67,1476.66,4.9201,1.1039,20.308,16389.57
4/27/2023,1.6672,1.5041,0.9862,7.6454,0.88428,147.16,1480.87,4.928,1.1042,20.1452,16252.57
4/28/2023,1.6664,1.4981,0.9839,7.5979,0.8805,149.35,1470.89,4.8981,1.0981,20.1558,16111.9
5/2/2023,1.6371,1.4885,0.9841,7.5791,0.87868,150.7,1470.32,4.8948,1.0965,20.146,16143.37
5/3/2023,1.6564,1.5045,0.9809,7.633,0.88265,149.66,1472.7,4.9174,1.1043,20.1657,16211.37
5/4/2023,1.6585,1.5072,0.9802,7.6538,0.88015,148.92,1465.69,4.9313,1.1074,20.1357,16263.59
5/5/2023,1.6379,1.486,0.9828,7.6112,0.87378,147.8,1451.9,4.8869,1.1014,20.2345,16156.49
5/8/2023,1.6244,1.471,0.9813,7.6347,0.87228,149.15,1458.26,4.8971,1.1037,20.2552,16237.42
5/9/2023,1.6217,1.4679,0.9788,7.5853,0.8699,147.97,1451.9,4.8762,1.0959,20.2003,16159.2
5/10/2023,1.6222,1.4657,0.9771,7.5818,0.86813,148.18,1449.79,4.8821,1.095,20.5005,16150.98
5/11/2023,1.6226,1.4672,0.9758,7.5817,0.86795,146.54,1451.78,4.8775,1.093,20.7485,16079.12
5/12/2023,1.631,1.4702,0.9744,7.5722,0.8702,147.02,1455.02,4.8785,1.0892,20.943,16130.23
5/15/2023,1.6261,1.4684,0.9747,7.5621,0.86943,148.15,1453.79,4.8915,1.0876,20.7496,16089.55
5/16/2023,1.6307,1.4652,0.9732,7.5793,0.86938,147.89,1458.78,4.8954,1.0881,20.7496,16132.09
5/17/2023,1.6273,1.4609,0.9746,7.5762,0.86895,148.31,1448.48,4.9001,1.0829,20.8793,16118.14
5/18/2023,1.6285,1.4568,0.9735,7.5983,0.8689,149.08,1442.07,4.9053,1.0813,20.9693,16089.38
5/19/2023,1.6231,1.4575,0.9738,7.5766,0.8684,149.55,1432.76,4.9052,1.0808,20.8848,16129.14
5/22/2023,1.6294,1.4618,0.97,7.6067,0.86846,149.64,1423.76,4.9218,1.0822,20.9137,16100.33
5/23/2023,1.6282,1.4571,0.9718,7.6039,0.86993,149.2,1422.75,4.926,1.0779,20.792,16043.23
5/24/2023,1.6402,1.46,0.9732,7.6005,0.86993,149.3,1421.92,4.9536,1.0785,20.7479,16063.5
5/25/2023,1.6443,1.4599,0.9708,7.5891,0.86793,149.63,1424.3,4.9655,1.0735,20.7466,16040.83
5/26/2023,1.6439,1.463,0.9707,7.5874,0.86813,150.24,1425.46,4.9465,1.0751,21.0148,16085.65
5/29/2023,1.6384,1.4564,0.9683,7.582,0.86805,150.29,1417.96,4.9343,1.0715,21.0611,16030.07
5/30/2023,1.6397,1.4586,0.969,7.599,0.86365,150.01,1415.24,4.9439,1.0744,21.1269,16086.45
5/31/2023,1.6497,1.4582,0.9724,7.5926,0.86405,149.13,1416.29,4.9307,1.0683,21.1353,16030.39
6/1/2023,1.6407,1.4514,0.9732,7.6066,0.85823,149.25,1413.23,4.9351,1.0697,21.1567,15964.76
6/2/2023,1.6248,1.4443,0.9758,7.6065,0.8593,149.46,1401.66,4.9268,1.0763,20.9461,15975.82
6/5/2023,1.6219,1.4367,0.9732,7.6062,0.86323,149.96,1396.49,4.8933,1.069,20.6855,15896.16
6/6/2023,1.6038,1.4342,0.9698,7.604,0.86103,149.09,1388.93,4.9222,1.0683,20.5593,15891.22
6/7/2023,1.6004,1.4351,0.9704,7.6235,0.8597,149.42,1394.04,4.9271,1.0717,20.3986,15901.74
6/8/2023,1.6061,1.4342,0.9751,7.6541,0.86113,149.98,1399.86,4.9589,1.0737,20.3284,15979.46
6/9/2023,1.6023,1.4362,0.9716,7.6839,0.85795,150.24,1391.11,4.9739,1.078,20.1806,15996.72
6/12/2023,1.592,1.4357,0.9751,7.6888,0.85678,150.03,1385.76,4.9734,1.0765,19.983,15996.85
6/13/2023,1.5922,1.4403,0.9784,7.7167,0.8585,150.62,1373.73,4.9831,1.0793,20.1087,16044.83
6/14/2023,1.5915,1.4378,0.9751,7.7363,0.85455,151.21,1380.92,4.9954,1.0809,19.912,16100.2
6/15/2023,1.5924,1.4415,0.9761,7.7491,0.85555,152.86,1387.6,5.0049,1.0819,19.9252,16208.51
6/16/2023,1.5941,1.45,0.977,7.81,0.85428,154.65,1397.67,5.0603,1.0966,19.9021,16387.75
6/19/2023,1.5964,1.4411,0.9772,7.8182,0.85268,154.94,1400.93,5.0542,1.0922,19.8497,16381.19
6/20/2023,1.612,1.4473,0.9808,7.8462,0.85705,154.51,1406.33,5.0729,1.0933,19.9724,16410.11
6/21/2023,1.6154,1.4435,0.9803,7.8519,0.85828,154.89,1413.88,5.0737,1.0923,20.0783,16330.8
6/22/2023,1.6194,1.4463,0.9825,7.8866,0.86115,156.05,1424.62,5.1091,1.0985,20.2575,16425.99
6/23/2023,1.6285,1.438,0.9773,7.8141,0.85479,155.84,1425.92,5.0899,1.0884,20.3652,16337.69
6/26/2023,1.6346,1.4354,0.9737,7.8972,0.85878,156.41,1425.57,5.1025,1.0918,20.3145,16438.22
6/27/2023,1.6369,1.4408,0.9789,7.8976,0.8599,157.14,1424.2,5.1097,1.0951,20.2234,16427.69
6/28/2023,1.6525,1.4491,0.9822,7.9262,0.8642,157.82,1434.33,5.1097,1.0938,20.4828,16398.98
6/29/2023,1.648,1.4503,0.9783,7.914,0.864,157.74,1438.77,5.1097,1.0938,20.4645,16408.12
6/30/2023,1.6398,1.4415,0.9788,7.8983,0.85828,157.16,1435.88,5.0717,1.0866,20.5785,16384.54
7/3/2023,1.6383,1.4441,0.98,7.9007,0.8598,157.81,1425.74,5.0871,1.0899,20.4435,16412.6
7/4/2023,1.6286,1.4403,0.9762,7.8646,0.85673,157.34,1414.61,5.0684,1.0895,20.3147,16357.26
7/5/2023,1.6329,1.4447,0.9782,7.8798,0.85685,157.26,1415.29,5.062,1.0879,20.3894,16380.93
7/6/2023,1.6308,1.4489,0.9757,7.882,0.8531,156.57,1419.79,5.0811,1.0899,20.6276,16420.93
7/7/2023,1.6416,1.4557,0.9754,7.8773,0.85298,156.01,1421.91,5.0842,1.0888,20.7915,16521.26
7/10/2023,1.6488,1.4552,0.9753,7.9291,0.85733,155.73,1429.51,5.1165,1.0956,20.6523,16655.6
7/11/2023,1.6493,1.4588,0.9693,7.9143,0.8511,154.27,1422.26,5.1181,1.0989,20.4953,16678.24
7/12/2023,1.6479,1.4574,0.9683,7.9274,0.85378,153.84,1420.8,5.1263,1.1022,20.3368,16608.8
7/13/2023,1.6299,1.4714,0.9644,8.0098,0.85553,154.84,1418.67,5.128,1.1182,20.2148,16727.49
7/14/2023,1.635,1.4728,0.9649,8.0076,0.8559,155.51,1423.03,5.0786,1.1221,20.2032,16797.87
7/17/2023,1.6487,1.4845,0.9652,8.0457,0.85873,155.38,1421.92,5.099,1.123,20.2582,16842.79
7/18/2023,1.6523,1.4862,0.9647,8.0745,0.85838,155.4,1419.52,5.1126,1.1255,20.1525,16864.46
7/19/2023,1.6582,1.4795,0.9628,8.1014,0.86918,156.76,1420.32,5.0976,1.1222,20.1074,16830.56
7/20/2023,1.6416,1.4716,0.9635,8.024,0.8692,156.35,1423.23,5.0868,1.1197,19.965,16777.66
7/21/2023,1.651,1.4668,0.963,7.986,0.86706,157.63,1429.52,5.0738,1.1123,20.0385,16714.72
7/24/2023,1.6469,1.4635,0.9595,7.9749,0.8635,156.47,1420.86,5.0736,1.1096,19.7927,16667.21
7/25/2023,1.6328,1.4562,0.9598,7.8915,0.86148,156.18,1409.63,5.042,1.1051,19.4256,16607.03
7/26/2023,1.6401,1.462,0.9549,7.9109,0.85695,155.3,1410.55,5.0313,1.1059,19.5801,16639.98
7/27/2023,1.6383,1.4654,0.9542,7.951,0.85885,155.95,1422.98,5.0307,1.1125,19.4838,16691.35
7/28/2023,1.6508,1.4553,0.9554,7.8799,0.8556,153.35,1406.73,5.0145,1.101,19.4309,16620.44
7/31/2023,1.6436,1.4566,0.9619,7.8808,0.85765,156.73,1405.49,4.9703,1.1023,19.5511,16622.65
8/1/2023,1.6557,1.4569,0.961,7.862,0.85865,156.85,1413.56,4.9568,1.097,19.8749,16587.01
8/2/2023,1.6691,1.4621,0.9642,7.8829,0.86038,156.88,1422.77,4.9916,1.0985,20.1579,16675.85
8/3/2023,1.6748,1.4619,0.9579,7.8397,0.86468,156.24,1422.79,4.9795,1.0932,20.37,16582.02
8/4/2023,1.6694,1.4648,0.9598,7.8661,0.86193,156.11,1435.4,4.9859,1.0946,20.4214,16624.59
8/7/2023,1.6715,1.4688,0.9625,7.8976,0.86163,156.21,1436.38,5.0076,1.0984,20.4371,16688.03
8/8/2023,1.6827,1.4755,0.96,7.895,0.86158,156.55,1444.82,5.0151,1.0944,20.687,16665.11
8/9/2023,1.6779,1.474,0.9627,7.903,0.8618,157.35,1441.47,5.0146,1.0968,20.8921,16661.91
8/10/2023,1.6767,1.4764,0.9618,7.9434,0.86313,158.43,1446.32,5.0368,1.1019,20.687,16720.23
8/11/2023,1.685,1.4791,0.9617,7.9584,0.86415,158.97,1459.31,5.0475,1.1004,20.7138,16811.91
8/14/2023,1.6853,1.47,0.9608,7.9356,0.86215,158.68,1459.4,5.0464,1.093,20.7881,16732.99
8/15/2023,1.6888,1.4742,0.9586,7.9605,0.85955,159.04,1460.7,5.065,1.0926,20.9813,16760.11
8/16/2023,1.6895,1.4726,0.9605,7.9657,0.85645,159.07,1461.11,5.0536,1.0916,20.8671,16685.26
8/17/2023,1.6931,1.4718,0.9555,7.9387,0.85395,158.88,1458.28,5.0712,1.09,20.7417,16726.82
8/18/2023,1.6999,1.4733,0.9571,7.9197,0.85493,158.11,1457.04,5.0504,1.0867,20.7133,16647.16
8/21/2023,1.6995,1.4723,0.9588,7.9456,0.85475,159.15,1460.32,5.0706,1.0908,20.676,16718.49
8/22/2023,1.6878,1.4716,0.9565,7.9387,0.85288,158.7,1454.59,5.0603,1.0887,20.3932,16699.27
8/23/2023,1.684,1.4667,0.9524,7.8796,0.85653,157.28,1448.26,5.0313,1.0805,20.2097,16523.94
8/24/2023,1.6838,1.4686,0.9562,7.8934,0.8565,157.96,1433.05,5.0352,1.084,20.248,16525.58
8/25/2023,1.6809,1.4672,0.9564,7.8783,0.85643,157.75,1430.58,5.0149,1.0808,20.1578,16521.11
8/28/2023,1.6839,1.4693,0.9559,7.8822,0.85815,158.35,1433.73,5.0306,1.0808,20.1598,16523.27
8/29/2023,1.6832,1.4722,0.9558,7.88,0.8586,158.93,1432.91,5.0185,1.0803,20.0496,16483.22
8/30/2023,1.6814,1.4764,0.9568,7.9347,0.8592,159.15,1442.07,5.0511,1.0886,20.217,16590.26
8/31/2023,1.6785,1.4721,0.9584,7.9196,0.85718,158.49,1439.56,5.0428,1.0868,20.4199,16551.96
9/1/2023,1.6737,1.4656,0.9574,7.8679,0.85538,157.47,1428.3,5.0397,1.0844,20.2711,16526.26
9/4/2023,1.6708,1.4686,0.9548,7.8528,0.8555,158.11,1423.17,5.0279,1.0801,20.4602,16466.12
9/5/2023,1.6859,1.4652,0.9548,7.838,0.85535,158.2,1431.25,5.006,1.0731,20.6045,16388.5
9/6/2023,1.6801,1.4659,0.9561,7.8476,0.85503,158.18,1430.83,5.0222,1.0745,20.6702,16431.79
9/7/2023,1.6767,1.4625,0.9557,7.8488,0.859,157.7,1431.7,5.0107,1.071,20.5218,16413.08
9/8/2023,1.6743,1.4623,0.9543,7.8565,0.85735,157.84,1428.51,5.0057,1.0704,20.437,16438.4
9/11/2023,1.6655,1.4565,0.956,7.823,0.8565,157.16,1425.94,5.0129,1.0724,20.2681,16477.43
9/12/2023,1.6682,1.455,0.9561,7.8115,0.85925,157.42,1422.62,5.0105,1.0713,20.3284,16462.67
9/13/2023,1.6762,1.4556,0.9589,7.8144,0.8609,158.28,1426.24,5.023,1.0733,20.33,16502.58
9/14/2023,1.6648,1.4505,0.9588,7.8093,0.85995,158.13,1422.44,5.0238,1.073,20.3109,16475.95
9/15/2023,1.6498,1.4409,0.9554,7.7561,0.85878,157.5,1415.78,4.9922,1.0658,20.2968,16379.21
9/18/2023,1.6575,1.44,0.9564,7.7796,0.86141,157.44,1413.49,4.9999,1.0663,20.2948,16389.03
9/19/2023,1.6566,1.4373,0.9595,7.8111,0.86263,158.2,1418.98,5.0308,1.0713,20.2829,16476.59
9/20/2023,1.6498,1.4366,0.9601,7.8059,0.8653,158.28,1420.39,5.0144,1.0702,20.1592,16435.63
9/21/2023,1.6617,1.4368,0.9628,7.7695,0.86713,157.34,1426.05,4.9894,1.0635,20.1522,16351.31
9/22/2023,1.6496,1.4303,0.965,7.7766,0.86795,157.87,1419.23,4.9908,1.0647,19.997,16369.76
9/25/2023,1.6544,1.4311,0.9676,7.7728,0.86965,158.08,1422.96,4.9816,1.0633,19.941,16355.1
9/26/2023,1.6539,1.4318,0.9675,7.7517,0.8702,157.87,1430.12,4.9737,1.0605,20.1387,16427.15
9/27/2023,1.6541,1.4255,0.968,7.7031,0.8681,157.2,1425.19,4.9603,1.0536,20.2216,16385.43
9/28/2023,1.6483,1.4206,0.9678,7.6986,0.86333,157.33,1426.71,4.9618,1.0539,20.17,16382.56
9/29/2023,1.6339,1.4227,0.9669,7.7352,0.86458,158.1,1425.26,4.9741,1.0594,19.9813,16383.62
10/2/2023,1.6472,1.4335,0.9634,7.6885,0.86628,157.67,1427.62,4.967,1.053,20.151,16372.57
10/3/2023,1.6612,1.4365,0.966,7.6439,0.86775,157.01,1425.31,4.945,1.0469,20.2403,16336.51
10/4/2023,1.6615,1.4391,0.9634,7.6644,0.86588,156.48,1422.11,4.9661,1.0497,20.242,16406.81
10/5/2023,1.658,1.4479,0.9625,7.6856,0.86605,156.71,1420.44,4.9762,1.0526,20.5884,16426.14
10/6/2023,1.6612,1.4492,0.9629,7.7162,0.8651,157.47,1423.03,4.9789,1.0563,20.4935,16522.27
10/9/2023,1.6546,1.438,0.9581,7.6784,0.8652,157.06,1424.41,4.9833,1.0531,20.4098,16523.14
10/10/2023,1.6538,1.4387,0.9589,7.7238,0.8639,157.71,1427.6,5.0053,1.0582,20.2777,16644.75
10/11/2023,1.6529,1.4429,0.9576,7.7433,0.86265,157.87,1421.27,5.0035,1.0604,20.0359,16672.19
10/12/2023,1.6584,1.4435,0.9566,7.7514,0.8626,158.35,1420.07,5.0042,1.0619,20.0085,16633.34
10/13/2023,1.6662,1.4397,0.9546,7.6902,0.86415,157.44,1423.08,4.9763,1.0524,19.9616,16504.79
10/16/2023,1.666,1.436,0.9505,7.7058,0.86545,157.54,1427.29,4.9908,1.0538,19.8069,16548.56
10/17/2023,1.6622,1.4411,0.9517,7.7288,0.8682,158.03,1429.58,5.0055,1.0569,19.9138,16609.18
10/18/2023,1.6586,1.4425,0.9492,7.7278,0.8661,158.1,1428.23,5.0126,1.0565,19.8917,16648.12
10/19/2023,1.6718,1.4485,0.947,7.7233,0.87098,158.21,1434.8,5.0319,1.0558,20.1992,16740.13
10/20/2023,1.6772,1.4492,0.9442,7.7489,0.87213,158.8,1431.6,5.0493,1.0591,20.1857,16795.11
10/23/2023,1.6805,1.4542,0.9461,7.7529,0.87153,158.91,1432.8,5.0812,1.0597,20.1995,16890.56
10/24/2023,1.6708,1.4564,0.9501,7.772,0.87025,159.26,1428.75,5.0874,1.0632,20.3166,16857.89
10/25/2023,1.6678,1.4549,0.9474,7.7381,0.8724,158.55,1427.17,5.0553,1.0576,20.2421,16792.94
10/26/2023,1.6719,1.4565,0.9466,7.7142,0.8717,158.48,1430.67,5.0447,1.054,20.1131,16779.68
10/27/2023,1.6616,1.4572,0.9502,7.7143,0.87023,158.08,1430.38,5.037,1.0541,19.9358,16802.35
10/30/2023,1.6637,1.467,0.9564,7.7595,0.87345,158.8,1430.37,5.0506,1.0605,19.8931,16851.35
10/31/2023,1.6739,1.4712,0.9607,7.7686,0.87366,160.3,1434.66,5.0594,1.0619,19.9507,16868.28
11/1/2023,1.6561,1.461,0.9572,7.712,0.86945,159.33,1429.16,5.0272,1.0537,19.6349,16803.04
11/2/2023,1.6543,1.4707,0.9622,7.8009,0.87305,159.89,1417.13,5.0656,1.0661,19.5695,16855.04
11/3/2023,1.6478,1.4653,0.9625,7.8193,0.86983,159.87,1402.42,5.0615,1.0702,19.6279,16763.88
11/6/2023,1.6524,1.4664,0.9646,7.8094,0.8664,160.87,1394.34,4.9801,1.0741,19.6149,16684.96
11/7/2023,1.6636,1.4679,0.9626,7.7839,0.86855,160.77,1398.07,4.992,1.0686,19.6516,16736.52
11/8/2023,1.6592,1.4711,0.9599,7.7699,0.87015,160.97,1402.03,4.9978,1.0671,19.729,16729.41
11/9/2023,1.6699,1.4736,0.9637,7.7886,0.87205,161.57,1401.9,5.0168,1.0691,19.8926,16721.42
11/10/2023,1.6795,1.4753,0.9636,7.7874,0.87435,161.77,1408.82,5.0296,1.0683,20.0296,16764.67
11/13/2023,1.6742,1.4754,0.9656,7.7794,0.87155,161.96,1413.72,5.0234,1.067,20.0025,16751.9
11/14/2023,1.6819,1.4832,0.9668,7.8171,0.8723,162.67,1421.73,5.0596,1.0724,20.0694,16841.35
11/15/2023,1.6648,1.4854,0.964,7.8702,0.87188,163.39,1410.5,5.0781,1.0868,19.7127,16825.84
11/16/2023,1.6736,1.4891,0.9651,7.8655,0.8752,164.05,1403.37,5.0866,1.0849,19.8718,16901.66
11/17/2023,1.6709,1.4908,0.9643,7.8414,0.87395,162.29,1405,5.0881,1.0872,19.9254,16717.28
11/20/2023,1.6669,1.4994,0.9665,7.8378,0.8763,162.12,1412.56,5.1006,1.0928,20.1445,16881.57
11/21/2023,1.6653,1.5029,0.9673,7.8178,0.87326,161.61,1413.92,5.0974,1.0955,20.1403,16979.32
11/22/2023,1.6618,1.4959,0.964,7.8015,0.8703,162.25,1418.1,5.1042,1.0911,20.3008,17023.45
11/23/2023,1.6633,1.494,0.9644,7.7852,0.8694,162.98,1418.85,5.1001,1.09,20.5225,16949.5
11/24/2023,1.6621,1.4935,0.964,7.809,0.86818,163.3,1425.61,5.1136,1.0916,20.6312,16995.99
11/27/2023,1.6575,1.4929,0.964,7.8331,0.86671,162.86,1422.61,5.1262,1.0951,20.4087,16954.34
11/28/2023,1.6567,1.4887,0.9645,7.8323,0.8682,162.74,1419.89,5.1148,1.0949,20.4833,16955.57
11/29/2023,1.6586,1.492,0.9628,7.8296,0.86525,162.12,1418.07,5.1105,1.0985,20.3397,16960.4
11/30/2023,1.6542,1.487,0.9562,7.8008,0.86368,161.19,1418.78,5.0933,1.0931,20.5703,16981.14
12/1/2023,1.6448,1.4736,0.953,7.7685,0.86045,161.14,1420.73,5.0824,1.0875,20.3329,16840.16
12/4/2023,1.6351,1.4716,0.9476,7.758,0.8579,159.47,1417.9,5.0618,1.0868,20.3627,16819.75
12/5/2023,1.6492,1.47,0.9456,7.7269,0.85723,159.13,1422.18,5.0483,1.0817,20.4715,16740.06
12/6/2023,1.6391,1.4616,0.9429,7.7148,0.8561,158.7,1417.89,5.0317,1.0778,20.4401,16731.71
12/7/2023,1.6407,1.4656,0.9446,7.7058,0.8575,156.18,1421.02,5.0344,1.0771,20.2056,16737.97
12/8/2023,1.6327,1.4627,0.9438,7.7179,0.8569,155.53,1412.83,5.0269,1.0777,20.3657,16719.01
12/11/2023,1.642,1.4609,0.9478,7.7206,0.8558,157.54,1420.71,5.037,1.0757,20.5441,16857.56
12/12/2023,1.6398,1.4656,0.9443,7.7447,0.85928,156.84,1415.21,5.0611,1.0804,20.4297,16835.06
12/13/2023,1.6452,1.4644,0.9452,7.7426,0.8612,157.13,1422.86,5.0764,1.0787,20.587,16862.02
12/14/2023,1.6288,1.4677,0.949,7.7866,0.85955,154.8,1412.66,5.1019,1.0919,20.2693,16922.87
12/15/2023,1.6324,1.4653,0.9488,7.7812,0.85833,155.15,1423.27,5.1123,1.0946,19.9801,17028.2
12/18/2023,1.6225,1.4584,0.948,7.7893,0.86263,155.95,1419.8,5.1249,1.0918,20.2326,16915.09
12/19/2023,1.6273,1.4673,0.947,7.8231,0.86095,158.2,1430.22,5.1319,1.0962,20.2569,16997.57
12/20/2023,1.6186,1.4609,0.946,7.8121,0.86555,157.12,1425.62,5.0977,1.0944,20.1107,16993.62
12/21/2023,1.6243,1.4668,0.9432,7.8426,0.86805,156.79,1431.04,5.1131,1.0983,20.1365,16989.27
12/22/2023,1.6197,1.4639,0.9417,7.864,0.8666,156.66,1430.05,5.1059,1.1023,20.307,17029.65
12/27/2023,1.617,1.4612,0.9438,7.9086,0.8683,157.81,1432.67,5.122,1.1065,20.4288,17060.29
12/28/2023,1.6246,1.4698,0.9302,7.8941,0.8706,156.57,1429.08,5.1213,1.1114,20.6003,17136.79
12/29/2023,1.6263,1.4642,0.926,7.8509,0.86905,156.33,1433.66,5.0775,1.105,20.3477,17079.71
1/2/2024,1.6147,1.4565,0.9305,7.8264,0.86645,155.68,1438.78,5.0425,1.0956,20.3656,17007.66
1/3/2024,1.6236,1.4574,0.9322,7.8057,0.8647,156.16,1432.28,5.0566,1.0919,20.5326,16994.33
1/4/2024,1.628,1.4603,0.9313,7.833,0.86278,157.91,1434.25,5.0762,1.0953,20.4271,16994.46
1/5/2024,1.6337,1.46,0.932,7.813,0.8621,158.57,1439.64,5.0826,1.0921,20.5511,16967.41
1/8/2024,1.6378,1.4651,0.9308,7.8397,0.8615,158.19,1444.94,5.091,1.0946,20.4984,16997.39
1/9/2024,1.6339,1.4613,0.9313,7.8381,0.85938,157.63,1442.62,5.08,1.094,20.438,17006.39
1/10/2024,1.6334,1.4649,0.9336,7.8476,0.86023,159.03,1443.77,5.0806,1.0946,20.4139,17032.14
1/11/2024,1.6369,1.4677,0.9338,7.8649,0.86145,159.71,1444.39,5.1046,1.0987,20.4331,17084.79
1/12/2024,1.6375,1.4634,0.935,7.8451,0.8595,159.17,1438.73,5.0853,1.0942,20.4408,17037.35
1/15/2024,1.6449,1.4695,0.9351,7.8529,0.86075,159.67,1446.95,5.1108,1.0945,20.431,17031.62
1/16/2024,1.6484,1.4661,0.9361,7.8237,0.86078,159.64,1454.92,5.1058,1.0882,20.5528,16985.88
1/17/2024,1.6592,1.4701,0.9406,7.8262,0.85818,160.65,1463.11,5.1312,1.0877,20.7331,17001.24
1/18/2024,1.6579,1.4681,0.9432,7.8231,0.85773,160.89,1455.8,5.1308,1.0875,20.597,16976.04
1/19/2024,1.65,1.4656,0.9459,7.8291,0.85825,161.17,1451.99,5.1359,1.0887,20.6892,16991.83
1/22/2024,1.652,1.462,0.9458,7.8349,0.85575,160.95,1458.19,5.1472,1.089,20.8846,17075.85
1/23/2024,1.6493,1.4648,0.9446,7.7953,0.85493,160.88,1454.29,5.1392,1.0872,20.7022,17081.11
1/24/2024,1.652,1.4669,0.9415,7.7996,0.85543,160.46,1453.17,5.1597,1.0905,20.5366,17107.06
1/25/2024,1.6537,1.4714,0.942,7.8093,0.85538,160.81,1456.25,5.154,1.0893,20.5812,17266.55
1/26/2024,1.6483,1.4607,0.9396,7.7994,0.85368,160.62,1451.08,5.1393,1.0871,20.4264,17131.94
1/29/2024,1.6398,1.4542,0.9339,7.7702,0.8525,160.13,1445.6,5.1236,1.0823,20.3022,17127.13
1/30/2024,1.6462,1.4564,0.9365,7.7866,0.85628,159.97,1442.67,5.1274,1.0846,20.4934,17112.98
1/31/2024,1.6468,1.4558,0.9348,7.7789,0.85435,160.19,1444.63,5.1259,1.0837,20.3238,17076.29
2/1/2024,1.6594,1.4544,0.9336,7.7668,0.85353,158.96,1442.43,5.115,1.0814,20.2343,17049.73
2/2/2024,1.6468,1.4556,0.9315,7.8111,0.85263,159.58,1440.7,5.1332,1.0883,20.2973,17012.52
2/5/2024,1.6562,1.4507,0.9347,7.735,0.85595,159.72,1434.09,5.1049,1.0746,20.4233,16936.39
2/6/2024,1.6515,1.4526,0.9366,7.7231,0.8546,159.56,1426.76,5.1196,1.0743,20.3273,16909.43
2/7/2024,1.6504,1.4501,0.9393,7.7529,0.85305,159.71,1429.92,5.1305,1.0776,20.3686,16873.71
2/8/2024,1.6569,1.4505,0.9409,7.742,0.85378,160.55,1433.01,5.131,1.0758,20.393,16843.42
2/9/2024,1.6543,1.4486,0.9432,7.7489,0.8544,161,1435.25,5.1329,1.0772,20.4847,16844.07
2/12/2024,1.6505,1.4504,0.943,7.7497,0.85391,160.51,1431.54,5.1344,1.0773,20.4662,16792.58
2/13/2024,1.6526,1.4511,0.9481,7.7641,0.85098,161.17,1434.64,5.1439,1.0793,20.318,16850.03
2/14/2024,1.6521,1.4509,0.9493,7.7065,0.85258,161.28,1428.41,5.1271,1.0713,20.3982,16717.15
2/15/2024,1.6525,1.4547,0.9484,7.7288,0.85635,161.26,1429.35,5.1363,1.0743,20.4366,16765.42
2/16/2024,1.6517,1.4518,0.9491,7.7461,0.85605,161.88,1435.09,5.1476,1.0768,20.3375,16837.38
2/19/2024,1.6479,1.4522,0.9492,7.757,0.85448,161.59,1438.87,5.1585,1.0776,20.431,16860.24
2/20/2024,1.6457,1.4562,0.9526,7.7718,0.8566,162.18,1440.76,5.1823,1.0802,20.4673,16916.42
2/21/2024,1.6486,1.4618,0.951,7.773,0.85619,162.12,1441.77,5.1818,1.0809,20.3446,16889.77
2/22/2024,1.6515,1.4618,0.9535,7.7988,0.85625,163.12,1438.77,5.1796,1.0844,20.6686,16904.39
2/23/2024,1.6467,1.4587,0.9522,7.7972,0.8534,162.91,1440.95,5.1759,1.0834,20.8672,16907.87
2/26/2024,1.656,1.4674,0.9546,7.81,0.85495,163.38,1444.46,5.184,1.0852,20.9499,16962.54
2/27/2024,1.6565,1.465,0.9544,7.814,0.8562,163.04,1445.31,5.1696,1.0856,20.772,16976.12
2/28/2024,1.6639,1.4689,0.952,7.7807,0.85548,162.87,1445.35,5.1565,1.0808,20.7857,16983.1
2/29/2024,1.6684,1.4719,0.9534,7.7888,0.85655,162.53,1447.43,5.1375,1.0826,20.9007,17038.18
3/1/2024,1.6637,1.4679,0.9582,7.7837,0.85588,162.82,1444.21,5.1318,1.0813,20.7358,17000.09
3/4/2024,1.664,1.4719,0.9604,7.8084,0.85583,163.22,1444.94,5.1231,1.0846,20.6385,17069.27
3/5/2024,1.6709,1.4747,0.9609,7.8104,0.85543,163.01,1447.98,5.137,1.0849,20.5862,17079.69
3/6/2024,1.6667,1.477,0.9619,7.8281,0.85498,162.67,1450.41,5.1456,1.0874,20.5388,17069.52
3/7/2024,1.6501,1.4705,0.9577,7.8412,0.85445,161.09,1446.67,5.1266,1.0895,20.4622,17038.2
3/8/2024,1.6469,1.4701,0.9588,7.8594,0.85168,160.99,1441.91,5.1216,1.0932,20.3805,16979.47
3/11/2024,1.6546,1.4753,0.9594,7.8471,0.85208,160.43,1432.46,5.1177,1.0926,20.4277,16920.93
3/12/2024,1.6533,1.4739,0.9588,7.835,0.85458,161.39,1433.16,5.106,1.0916,20.3892,16942.83
3/13/2024,1.6542,1.4756,0.9599,7.8678,0.85451,161.83,1439.01,5.1282,1.0939,20.4535,17039.08
3/14/2024,1.6529,1.4725,0.9616,7.8564,0.8542,161.7,1441.24,5.1195,1.0925,20.3659,17040.71
3/15/2024,1.6579,1.4731,0.9613,7.838,0.8541,162.03,1448.71,5.1241,1.0892,20.3515,17011.02
3/18/2024,1.6583,1.4745,0.963,7.8402,0.85525,162.51,1452.75,5.1394,1.0892,20.5859,17121.08
3/19/2024,1.6651,1.4767,0.963,7.814,0.85445,163.37,1453.28,5.1372,1.0854,20.5442,17089.51
3/20/2024,1.6633,1.4736,0.9658,7.8058,0.85438,164.54,1453.86,5.1379,1.0844,20.4589,17065.2
3/21/2024,1.6535,1.4736,0.9766,7.852,0.85678,164.96,1449.01,5.1424,1.0907,20.4181,17092.14
3/22/2024,1.6601,1.4688,0.9729,7.8245,0.85795,163.74,1453.62,5.1274,1.0823,20.5597,17111.81
3/25/2024,1.658,1.4722,0.9724,7.8134,0.85698,163.78,1453.39,5.1195,1.0835,20.4889,17100.93
3/26/2024,1.6574,1.4718,0.981,7.8358,0.85846,164.4,1455.75,5.1236,1.0855,20.5294,17149.6
3/27/2024,1.66,1.4712,0.9811,7.8182,0.85768,163.52,1461.31,5.1192,1.0816,20.4716,17194.2
3/28/2024,1.6607,1.4672,0.9766,7.8144,0.8551,163.45,1458.67,5.1168,1.0811,20.5226,17157.87
4/2/2024,1.6522,1.4577,0.9765,7.7779,0.8551,163.01,1453.23,5.1106,1.0749,20.2399,17103.38
4/3/2024,1.6539,1.4626,0.9792,7.8023,0.85713,163.66,1456.04,5.1273,1.0783,20.2667,17196.78
4/4/2024,1.6446,1.4652,0.9846,7.8501,0.85788,164.69,1462.46,5.1433,1.0852,20.2704,17233.19
4/5/2024,1.6461,1.4702,0.9793,7.8421,0.85773,164.1,1464.09,5.1462,1.0841,20.171,17192.63
4/8/2024,1.6433,1.4715,0.9807,7.8282,0.85795,164.43,1468.37,5.1425,1.0823,20.1574,17217.66
4/9/2024,1.6407,1.4749,0.9819,7.8603,0.85663,164.97,1470.98,5.1591,1.0867,20.0861,17243.05
4/10/2024,1.6399,1.4728,0.981,7.8548,0.85515,164.89,1467.33,5.1558,1.086,20.0851,17212.45
4/11/2024,1.6448,1.4688,0.9787,7.7646,0.85525,164.18,1469.32,5.0936,1.0729,20.1614,17189.9
4/12/2024,1.6413,1.4643,0.9716,7.7094,0.85424,163.16,1469.79,5.081,1.0652,19.9907,17171.88
4/15/2024,1.6441,1.4645,0.9725,7.7134,0.85405,164.05,1473.79,5.0925,1.0656,20.2067,17111.78
4/16/2024,1.6578,1.4668,0.9712,7.6995,0.8544,164.54,1481.62,5.0973,1.0637,20.2104,17234.12
4/17/2024,1.6556,1.4691,0.9693,7.7006,0.854,164.54,1471.92,5.0972,1.0638,20.2752,17290.58
4/18/2024,1.6567,1.4687,0.9704,7.7294,0.85628,164.82,1467.41,5.1083,1.0679,20.3461,17279.69
4/19/2024,1.6622,1.4666,0.968,7.7139,0.8562,164.68,1469.09,5.0959,1.0653,20.4793,17325.08
4/22/2024,1.6517,1.4592,0.9693,7.7012,0.86328,164.51,1467.64,5.08,1.0632,20.3468,17279.87
4/23/2024,1.6536,1.4623,0.9724,7.7353,0.8605,165.23,1471.21,5.1022,1.0674,20.534,17302.61
4/24/2024,1.6421,1.4628,0.9774,7.7431,0.85945,165.57,1469.91,5.1058,1.0686,20.5062,17277.66
4/25/2024,1.6415,1.4659,0.9792,7.7682,0.85675,166.76,1473.23,5.1215,1.072,20.3377,17355.14
4/26/2024,1.6392,1.4632,0.9779,7.7638,0.85643,168.03,1474.65,5.1079,1.0714,20.2037,17385.77
4/29/2024,1.6322,1.4635,0.9776,7.7627,0.85493,167.53,1476.15,5.1108,1.072,20.0504,17408.74
4/30/2024,1.6423,1.4672,0.9787,7.7609,0.85478,168.27,1479.67,5.113,1.0718,20.0682,17422.11
5/2/2024,1.6386,1.4678,0.9759,7.7465,0.85538,165.63,1470.41,5.0864,1.0698,19.969,17302.04
5/3/2024,1.633,1.4682,0.9744,7.7798,0.85573,164.62,1460.24,5.0927,1.0744,19.8952,17247.67
5/6/2024,1.6248,1.4731,0.9754,7.7662,0.8566,165.7,1460,5.1067,1.0776,19.8369,17289.39
5/7/2024,1.6297,1.473,0.977,7.7707,0.85805,166.45,1462.45,5.1009,1.0766,19.9127,17295.26
5/8/2024,1.6374,1.4784,0.977,7.7651,0.86083,167.15,1466.47,5.0949,1.0743,20.0409,17270.98
5/9/2024,1.6299,1.4728,0.976,7.7554,0.85995,167.32,1471.57,5.0878,1.0732,19.8856,17248.52
5/10/2024,1.632,1.4747,0.9779,7.7877,0.86055,167.87,1472.72,5.1082,1.0779,19.8673,17292.1
5/13/2024,1.6305,1.4757,0.9784,7.8095,0.86023,168.25,1476.01,5.1082,1.0795,19.8185,17371.37
5/14/2024,1.6329,1.4753,0.9801,7.8103,0.85983,168.89,1476.56,5.0952,1.0796,19.8835,17407.15
5/15/2024,1.6308,1.4763,0.98,7.8212,0.8584,168.43,1471.93,5.0986,1.0832,19.9073,17340.14
5/16/2024,1.629,1.481,0.9822,7.843,0.8585,168.33,1463.04,5.0885,1.0866,19.7911,17297.31
5/17/2024,1.6281,1.4784,0.9855,7.837,0.85685,168.96,1471.55,5.0831,1.0844,19.8068,17316.08
5/20/2024,1.6259,1.4798,0.988,7.856,0.85548,169.25,1477.31,5.0884,1.0861,19.8052,17351.81
5/21/2024,1.6278,1.4797,0.9884,7.861,0.8544,169.86,1480.56,5.0979,1.0864,19.6955,17383.98
5/22/2024,1.6288,1.481,0.9905,7.8414,0.85165,169.54,1480.95,5.082,1.083,19.7464,17371.32
5/23/2024,1.6333,1.4832,0.9907,7.8578,0.85175,169.9,1476.66,5.1063,1.0854,19.9118,17398.69
5/24/2024,1.6394,1.4865,0.9924,7.8522,0.85241,170.28,1480.44,5.1073,1.084,19.9506,17377.88
5/27/2024,1.632,1.4813,0.9922,7.8545,0.8507,170.07,1478.03,5.093,1.0843,19.9632,17421.56
5/28/2024,1.6314,1.482,0.9908,7.8842,0.8508,170.54,1477.78,5.1077,1.0882,19.9443,17495.81
5/29/2024,1.637,1.4838,0.9907,7.8706,0.8513,170.74,1484.62,5.1066,1.0857,19.9,17580.25
5/30/2024,1.6341,1.4828,0.9808,7.8261,0.85105,169.5,1488.66,5.0874,1.0815,20.1501,17563.67
5/31/2024,1.6315,1.4804,0.9818,7.8577,0.85365,170.52,1501.11,5.108,1.0852,20.2927,17641.72
6/3/2024,1.629,1.4784,0.9772,7.8562,0.85175,170.09,1493.24,5.1033,1.0842,20.2534,17595.37
6/4/2024,1.6364,1.486,0.9703,7.863,0.85143,168.29,1495.71,5.1087,1.0865,20.2986,17680.4
6/5/2024,1.6353,1.4867,0.9704,7.8795,0.85048,169.72,1491.34,5.1077,1.0872,20.5868,17762.62
6/6/2024,1.6368,1.4879,0.9687,7.8715,0.85088,169.74,1486.44,5.1,1.0865,20.6281,17670.67
6/7/2024,1.6345,1.4902,0.9696,7.8916,0.8512,169.52,1489.97,5.1123,1.0898,20.4821,17646.42
6/10/2024,1.6304,1.4801,0.9637,7.7957,0.84565,168.74,1479.33,5.0779,1.0756,20.1228,17529.81
6/11/2024,1.626,1.4781,0.9622,7.7839,0.84198,168.46,1479.23,5.064,1.073,19.9574,17488.4
6/12/2024,1.628,1.4795,0.9641,7.8086,0.84365,169.35,1481.35,5.0784,1.0765,20.0486,17552.6
6/13/2024,1.6232,1.4823,0.9668,7.8211,0.84468,169.58,1482.31,5.0766,1.0784,19.8385,17527.83
6/14/2024,1.6156,1.4704,0.9534,7.7529,0.84205,167.8,1480.8,5.0433,1.0686,19.6019,17617.21
6/17/2024,1.6246,1.4726,0.9561,7.7728,0.84573,169.11,1480.65,5.0555,1.0712,19.5862,17630.35
6/18/2024,1.6207,1.4731,0.9512,7.7748,0.8454,169.41,1484.07,5.0511,1.0715,19.4298,17594.24
6/19/2024,1.6125,1.4737,0.9506,7.8005,0.84455,169.78,1484.25,5.059,1.0749,19.3752,17610.03
6/20/2024,1.6076,1.4696,0.9546,7.7825,0.84513,169.82,1488.01,5.0492,1.0719,19.4066,17678.1
6/21/2024,1.6031,1.4632,0.9537,7.7602,0.84531,169.82,1484.58,5.0373,1.0688,19.1241,17597.85
6/24/2024,1.6157,1.4682,0.9586,7.7891,0.8473,171.17,1489.57,5.0554,1.073,19.5122,17596.13
6/25/2024,1.6109,1.465,0.9575,7.7811,0.84465,170.84,1491.03,5.0404,1.0714,19.4537,17559.71
6/26/2024,1.6053,1.4628,0.9585,7.7673,0.84453,171.42,1488.06,5.042,1.0689,19.4243,17563.79
6/27/2024,1.6078,1.4647,0.9604,7.7745,0.8459,171.66,1482.71,5.048,1.0696,19.6609,17530
6/28/2024,1.6079,1.467,0.9634,7.7748,0.84638,171.94,1474.86,5.0501,1.0705,19.497,17487.21
7/1/2024,1.6109,1.4711,0.9689,7.8097,0.8479,173.15,1485.41,5.0641,1.0745,19.5015,17569
7/2/2024,1.612,1.4727,0.9697,7.8014,0.84755,173.31,1488.26,5.063,1.0729,19.8161,17570.19
7/3/2024,1.6123,1.4703,0.9718,7.8247,0.8468,174.18,1495.26,5.0783,1.0758,19.905,17619.72
7/4/2024,1.6046,1.4705,0.9717,7.8515,0.84663,173.84,1491.06,5.0863,1.08,19.7867,17632.08
7/5/2024,1.6073,1.4736,0.973,7.8655,0.84613,174.06,1494.76,5.097,1.0824,19.7371,17622.12
7/8/2024,1.6067,1.4772,0.9711,7.8766,0.8441,174.37,1499.05,5.1022,1.0835,19.6622,17623.56
7/9/2024,1.6062,1.4752,0.9712,7.8639,0.84491,174.2,1496.01,5.0907,1.0814,19.654,17593.46
7/10/2024,1.6056,1.4758,0.9723,7.8763,0.84518,174.79,1498.46,5.0883,1.0825,19.5581,17557.93
7/11/2024,1.6075,1.4796,0.9749,7.8862,0.84305,175.39,1498.04,5.0883,1.0855,19.627,17562.25
7/12/2024,1.6076,1.4834,0.9747,7.8984,0.84029,172.87,1497.89,5.0851,1.089,19.5935,17551.14
7/15/2024,1.6088,1.4879,0.9755,7.9206,0.84045,172.34,1508.27,5.0952,1.0907,19.8324,17654.29
7/16/2024,1.6169,1.4911,0.9761,7.9223,0.84058,172.65,1507.53,5.0978,1.0902,19.7067,17633.22
7/17/2024,1.6222,1.4949,0.9693,7.9372,0.83915,171.21,1508.08,5.0991,1.0934,19.8772,17634.46
7/18/2024,1.6237,1.4953,0.9666,7.9327,0.84175,171.02,1511.38,5.1016,1.093,19.895,17667.74
7/19/2024,1.6276,1.4938,0.9688,7.9165,0.8428,171.61,1511.37,5.1047,1.089,19.9622,17638.53
7/22/2024,1.637,1.4971,0.9671,7.9191,0.84215,170.8,1511.28,5.0961,1.0888,19.8948,17648.14
7/23/2024,1.6396,1.4944,0.9681,7.9003,0.84073,169.64,1505.59,5.0738,1.086,20.0068,17610.63
7/24/2024,1.6428,1.4953,0.9609,7.8934,0.83973,167.23,1500.01,5.0687,1.0848,19.8662,17622.09
7/25/2024,1.6638,1.502,0.9534,7.8331,0.8428,165.62,1497.33,5.0598,1.0851,20.0649,17704.82
7/26/2024,1.6559,1.5009,0.9594,7.875,0.84378,167.84,1505.15,5.058,1.086,19.8121,17694.04
7/29/2024,1.6534,1.4976,0.9578,7.8518,0.84345,166.44,1496.41,5.018,1.0817,19.9041,17609.86
7/30/2024,1.656,1.4996,0.9592,7.8489,0.8426,167.61,1498.59,5.0034,1.0824,19.8815,17681.92
7/31/2024,1.6635,1.4977,0.9533,7.8194,0.8438,162.76,1485.96,4.9749,1.0828,19.74,17634.43
8/1/2024,1.6501,1.4912,0.9467,7.8203,0.84328,162.66,1474.13,4.9295,1.0789,19.6134,17549.06
8/2/2024,1.6629,1.5035,0.9433,7.8075,0.85,161.37,1479.77,4.873,1.0835,19.7048,17562.88
8/5/2024,1.7008,1.5188,0.9304,7.8046,0.85878,155.98,1495.97,4.8525,1.0966,20.3713,17754.5
8/6/2024,1.6837,1.5097,0.9325,7.8071,0.85998,158.29,1504.09,4.8834,1.0915,20.1616,17653.43
8/7/2024,1.6643,1.501,0.9409,7.8425,0.85808,160.62,1501.94,4.9111,1.0922,20.034,17539.37
8/8/2024,1.6677,1.5021,0.9368,7.8393,0.86093,159.74,1503.86,4.8912,1.093,20.0993,17378.97
8/9/2024,1.6609,1.5007,0.9435,7.828,0.85708,160.33,1491.07,4.828,1.0917,20.0169,17413.43
8/12/2024,1.656,1.4998,0.9491,7.8439,0.85554,161.25,1497.58,4.8682,1.0925,19.9047,17444
8/13/2024,1.6572,1.5014,0.948,7.8301,0.85458,161.17,1498.93,4.8648,1.0931,19.8621,17318.2
8/14/2024,1.6643,1.5115,0.9515,7.8627,0.85783,161.98,1493.74,4.8704,1.1019,19.9267,17194.6
8/15/2024,1.6609,1.509,0.9541,7.8816,0.85615,162.14,1495.28,4.8834,1.1011,19.8284,17290.19
8/16/2024,1.6577,1.5095,0.954,7.8758,0.85128,162.72,1490.58,4.872,1.0994,19.6993,17259.48
8/19/2024,1.6486,1.5098,0.9543,7.8848,0.85243,161.22,1476.07,4.8376,1.1041,19.6951,17212.31
8/20/2024,1.6454,1.5085,0.9527,7.9192,0.85194,162.18,1478.34,4.852,1.1084,19.7295,17126
8/21/2024,1.6495,1.5117,0.9503,7.9306,0.85303,162.26,1485.55,4.8688,1.1116,19.8257,17247.2
8/22/2024,1.655,1.513,0.949,7.9491,0.84943,162.64,1490.74,4.8749,1.1135,20.0237,17405.17
8/23/2024,1.6518,1.5106,0.9476,7.9364,0.84733,162.37,1486.86,4.8654,1.1121,19.9591,17303.11
8/26/2024,1.6496,1.5076,0.946,7.9512,0.84645,160.94,1481.16,4.8531,1.1163,19.8317,17236.51
8/27/2024,1.6461,1.5041,0.944,7.9547,0.84438,161.24,1485.86,4.8527,1.1162,19.7883,17349.32
8/28/2024,1.6407,1.4982,0.9375,7.9253,0.84163,160.57,1485.05,4.8281,1.1117,19.7851,17150.03
8/29/2024,1.6274,1.4927,0.9364,7.8653,0.84175,160.36,1474.34,4.78,1.1088,19.6351,17082.67
8/30/2024,1.6301,1.4941,0.9416,7.8585,0.8412,161.19,1478.6,4.7901,1.1087,19.5358,17180.03
9/2/2024,1.6322,1.4932,0.9415,7.8677,0.84218,162.56,1481.32,4.8171,1.1061,19.8166,17189.79
9/3/2024,1.6394,1.4951,0.9409,7.8614,0.84085,161.26,1481.23,4.8195,1.1035,19.8345,17171.01
9/4/2024,1.645,1.498,0.9396,7.8648,0.84248,160.26,1481.5,4.8101,1.105,19.7997,17126.34
9/5/2024,1.6498,1.4996,0.939,7.8739,0.84318,159.2,1481.54,4.8136,1.1097,19.736,17110.19
9/6/2024,1.6503,1.4984,0.9365,7.865,0.84293,158.93,1477.3,4.8082,1.1103,19.6875,17114.05
9/9/2024,1.6596,1.4979,0.9376,7.8589,0.84365,158.53,1485.48,4.8274,1.1043,19.7659,17083.3
9/10/2024,1.6551,1.4973,0.9349,7.853,0.84265,157.81,1480.59,4.7902,1.1031,19.7464,17046.54
9/11/2024,1.656,1.4997,0.9358,7.8534,0.84375,156.6,1478.5,4.7816,1.1043,19.7394,17020.19
9/12/2024,1.6497,1.4964,0.9414,7.8441,0.8446,157.02,1477.3,4.7746,1.1016,19.7713,17007.44
9/13/2024,1.6542,1.5061,0.9387,7.8634,0.84475,156.17,1474.21,4.7665,1.1081,19.7185,17072.28
9/16/2024,1.6492,1.5109,0.9394,7.8953,0.84278,155.66,1467.42,4.7858,1.1126,19.6277,17095.99
9/17/2024,1.6472,1.5134,0.9405,7.9046,0.84278,156.71,1467.66,4.7441,1.1139,19.6418,17082.55
9/18/2024,1.64,1.5117,0.9388,7.8797,0.84225,157.94,1473.65,4.721,1.1124,19.5531,17032.01
9/19/2024,1.6352,1.511,0.946,7.8827,0.83953,159.53,1481.57,4.6967,1.1156,19.4454,16924.49
9/20/2024,1.6388,1.5148,0.9486,7.8776,0.8391,161.08,1491.51,4.6953,1.1166,19.5684,16929.55
9/23/2024,1.6274,1.5065,0.9448,7.8438,0.83518,159.58,1486.62,4.6733,1.1119,19.3253,16886.09
9/24/2024,1.6237,1.5033,0.9439,7.829,0.8322,160.14,1485.87,4.6246,1.1133,19.2869,16896.39
9/25/2024,1.6276,1.5044,0.9495,7.8692,0.83653,161.49,1489.46,4.6242,1.1194,19.1932,16922.87
9/26/2024,1.6217,1.5025,0.9452,7.8213,0.83428,160.78,1478.62,4.6237,1.1155,19.238,16878.63
9/27/2024,1.618,1.5036,0.942,7.823,0.83338,159.63,1462.76,4.6027,1.1158,19.1092,16859.24
9/30/2024,1.6166,1.5133,0.9439,7.8511,0.83543,159.82,1469.11,4.6167,1.1196,19.2258,16975.88
10/1/2024,1.604,1.4986,0.9394,7.7807,0.83193,159.37,1463.99,4.6168,1.1086,19.1585,16847.95
10/2/2024,1.6048,1.4932,0.9388,7.7702,0.83288,160.26,1462.53,4.6205,1.1071,19.2605,16913.83
10/3/2024,1.6124,1.4945,0.9387,7.7477,0.84258,161.98,1472.89,4.6601,1.1039,19.3017,17075.07
10/4/2024,1.6121,1.4952,0.9394,7.7407,0.83735,161.69,1478.24,4.6542,1.1029,19.2809,17164.54
10/7/2024,1.6155,1.4914,0.9388,7.7077,0.83918,162.63,1476.12,4.7036,1.0982,19.0978,17260.41
10/8/2024,1.6293,1.4981,0.941,7.7449,0.83778,162.49,1478.22,4.7074,1.0982,19.1784,17183.1
10/9/2024,1.6283,1.4985,0.9397,7.7435,0.8374,162.97,1473.03,4.6923,1.0957,19.3282,17130.12
10/10/2024,1.6276,1.5031,0.9393,7.7376,0.83686,162.85,1477.51,4.6915,1.0932,19.2391,17165.59
10/11/2024,1.6233,1.5063,0.9378,7.7282,0.83705,162.94,1477.64,4.6897,1.0938,19.1041,17043.21
10/14/2024,1.6248,1.5047,0.9409,7.7332,0.83665,163.39,1484.03,4.688,1.0915,19.1618,17019.81
10/15/2024,1.6236,1.5063,0.9401,7.7574,0.83355,162.85,1482.73,4.6986,1.0903,19.1651,16927.02
10/16/2024,1.6291,1.5013,0.9397,7.7511,0.83605,162.57,1483.1,4.6803,1.0897,19.1283,16919.28
10/17/2024,1.6228,1.4975,0.938,7.7385,0.83455,162.5,1488.83,4.6832,1.0866,19.2606,16853.38
10/18/2024,1.6165,1.496,0.9401,7.7065,0.83165,162.75,1488.05,4.6691,1.0847,19.0769,16803.96
10/21/2024,1.623,1.4998,0.938,7.7198,0.83315,162.79,1495.73,4.6744,1.0853,19.1176,16816.56
10/22/2024,1.6177,1.4964,0.9365,7.7052,0.8334,163.22,1491.66,4.6833,1.0821,19.0184,16843.32
10/23/2024,1.6233,1.49,0.934,7.6759,0.83148,164.66,1491.54,4.6836,1.0767,19.0355,16872.7
10/24/2024,1.6234,1.4922,0.9349,7.6848,0.8321,164.12,1489.82,4.6963,1.0801,19.09,16827.69
10/25/2024,1.6311,1.4989,0.9382,7.7123,0.83358,164.45,1504.09,4.7024,1.0825,19.0627,16978.9
10/28/2024,1.6372,1.503,0.9367,7.7099,0.8329,165.18,1496.45,4.7177,1.0818,19.1877,17016.01
10/29/2024,1.6423,1.4981,0.9369,7.6895,0.8302,165.66,1496.4,4.7172,1.0774,19.1063,16993.4
10/30/2024,1.646,1.5072,0.9393,7.7054,0.83425,165.91,1493.02,4.7359,1.0815,19.1535,16966.73
10/31/2024,1.6559,1.5134,0.9412,7.7436,0.83753,166.3,1500.05,4.7652,1.0882,19.1869,17105.85
11/1/2024,1.653,1.5144,0.9427,7.7403,0.83998,165.54,1498.21,4.766,1.0885,19.1111,17132.28
11/4/2024,1.6516,1.5155,0.941,7.7363,0.84063,165.47,1497.97,4.7678,1.0904,19.1248,17190.86
11/5/2024,1.6452,1.5128,0.9402,7.7405,0.8392,165.93,1503.71,4.7353,1.0897,19.0277,17180.21
11/6/2024,1.6301,1.4893,0.9368,7.6779,0.83223,165.05,1500.9,4.7095,1.0695,18.9842,16976.6
11/7/2024,1.6196,1.496,0.9432,7.7159,0.83185,165.71,1495.78,4.7492,1.0785,18.7328,16889.15
11/8/2024,1.6259,1.4983,0.9393,7.7233,0.83188,164.18,1495.41,4.7208,1.0772,18.8777,16801.68
11/11/2024,1.6186,1.4848,0.9369,7.6719,0.8268,163.82,1489.97,4.6971,1.0651,19.0171,16750.08
11/12/2024,1.6206,1.4799,0.9354,7.6781,0.82835,163.71,1492.15,4.7139,1.0617,19.1584,16770.14
11/13/2024,1.6299,1.484,0.9379,7.6626,0.83413,164.71,1487.4,4.7278,1.0629,19.1406,16716.39
11/14/2024,1.6285,1.4759,0.9369,7.6267,0.83158,164.24,1478.78,4.7193,1.0533,19.3136,16803.82
11/15/2024,1.6345,1.4861,0.9389,7.6492,0.83455,164.36,1476.23,4.7311,1.0583,19.2353,16810
11/18/2024,1.6352,1.4873,0.9364,7.6442,0.8356,163.74,1474.49,4.7278,1.0552,19.0768,16732.73
11/19/2024,1.6264,1.4833,0.9329,7.6578,0.83638,162.71,1472.84,4.7315,1.0578,19.097,16759.52
11/20/2024,1.6225,1.4767,0.9342,7.6528,0.8338,164.42,1474.4,4.7228,1.0562,19.1266,16790.04
11/21/2024,1.6141,1.47,0.9294,7.6204,0.83273,162.53,1471.6,4.6999,1.0526,19.0284,16732.97
11/22/2024,1.6018,1.4561,0.9272,7.5458,0.83205,160.84,1464.43,4.6516,1.0412,18.7942,16569.6
11/25/2024,1.6111,1.4648,0.9324,7.6018,0.83465,161.64,1469.87,4.6724,1.0495,18.9592,16651.89
11/26/2024,1.6191,1.4833,0.9314,7.6265,0.8348,161.13,1468.29,4.6902,1.0522,19.0331,16706.73
11/27/2024,1.6247,1.4807,0.9309,7.6347,0.834,159.65,1466.33,4.6784,1.0531,19.1091,16705.22
11/28/2024,1.6228,1.477,0.9314,7.6403,0.8323,159.89,1472.29,4.688,1.0542,19.136,16734.74
11/29/2024,1.6245,1.4796,0.9309,7.6484,0.83205,158.64,1476.11,4.6948,1.0562,19.0777,16753.81
12/2/2024,1.6211,1.4748,0.9316,7.6421,0.82898,157.74,1475.53,4.6851,1.0507,19.1038,16703.82
12/3/2024,1.622,1.4753,0.9309,7.6589,0.83123,157.3,1474.9,4.6989,1.0512,19.0304,16749.14
12/4/2024,1.6384,1.4755,0.9305,7.6285,0.8283,158.59,1487.28,4.6716,1.0492,19.0679,16707.46
12/5/2024,1.6377,1.4809,0.9305,7.6577,0.828,158.52,1494.61,4.6666,1.054,19.0427,16711.17
12/6/2024,1.6506,1.4882,0.9284,7.6852,0.82855,159.25,1502.23,4.6763,1.0581,19.1076,16743.43
12/9/2024,1.638,1.4919,0.9295,7.677,0.82805,159.4,1513.49,4.6763,1.0568,18.8315,16779.92
12/10/2024,1.6452,1.4908,0.9267,7.6354,0.82555,159.74,1507.31,4.6614,1.0527,18.8204,16709.98
12/11/2024,1.6525,1.4905,0.928,7.6318,0.82458,160.35,1502.88,4.6578,1.0507,18.6794,16740.07
12/12/2024,1.6413,1.4865,0.9319,7.6272,0.82428,159.6,1500.97,4.6549,1.0491,18.5627,16747.78
12/13/2024,1.6488,1.4954,0.9385,7.651,0.83043,161.45,1507.58,4.6805,1.0518,18.8131,16850.2
12/16/2024,1.651,1.4959,0.9372,7.6463,0.82945,161.73,1509.15,4.6742,1.0498,18.7692,16820.21
12/17/2024,1.6547,1.4995,0.9413,7.6464,0.82648,161.63,1508.13,4.6885,1.0497,19.0296,16940.06
12/18/2024,1.6602,1.5022,0.9382,7.6463,0.8252,161.52,1509.48,4.6917,1.0496,18.9602,16909.32
12/19/2024,1.6631,1.493,0.9319,7.5858,0.82445,163.07,1505.3,4.6835,1.0395,19.035,16957.88
12/20/2024,1.6674,1.4946,0.9297,7.5831,0.82965,162.89,1502.7,4.6838,1.039,19.1104,16863.07
12/23/2024,1.6667,1.4978,0.9336,7.5861,0.82995,163.36,1510.56,4.6665,1.0393,19.2042,16817.59
12/24/2024,1.6681,1.4988,0.9358,7.5843,0.82805,163.25,1515.98,4.6642,1.0395,19.3293,16843.33
12/27/2024,1.6777,1.5002,0.9396,7.6169,0.83098,164.65,1537.65,4.666,1.0435,19.5259,16922.75
12/30/2024,1.6756,1.5035,0.9435,7.6234,0.8295,164.57,1539.13,4.6632,1.0444,19.5691,16881
12/31/2024,1.6772,1.4948,0.9412,7.5833,0.82918,163.06,1532.15,4.6454,1.0389,19.6188,16820.88
1/2/2025,1.6618,1.4885,0.9371,7.5338,0.83118,162.04,1515.07,4.6223,1.0321,19.2719,16726.78
1/3/2025,1.6556,1.4842,0.9362,7.5371,0.82993,161.77,1512.7,4.6346,1.0299,19.2957,16703.85
1/6/2025,1.6555,1.4914,0.9396,7.6284,0.83098,163.25,1518.24,4.7032,1.0426,19.2724,16834.71
1/7/2025,1.6557,1.4878,0.9426,7.6142,0.82915,163.86,1507.35,4.6639,1.0393,19.3216,16794.93
1/8/2025,1.66,1.4803,0.9379,7.5413,0.83403,162.94,1503.5,4.6313,1.0286,19.4357,16719.53
1/9/2025,1.663,1.4831,0.9397,7.5558,0.83808,162.56,1504.23,4.6403,1.0305,19.4534,16693.79
1/10/2025,1.6655,1.4845,0.9416,7.5542,0.83693,162.86,1511.32,4.6332,1.0304,19.6165,16680.99
1/13/2025,1.6578,1.4699,0.9346,7.4771,0.8416,160.22,1497.52,4.5993,1.0198,19.5236,16640.94
1/14/2025,1.6601,1.4744,0.9395,7.5108,0.84288,161.63,1496.39,4.6154,1.0245,19.4143,16708.88
1/15/2025,1.6616,1.4784,0.9394,7.5515,0.84313,161.75,1503.15,4.634,1.03,19.4319,16872.43
1/16/2025,1.6574,1.4776,0.9376,7.5311,0.84258,160.46,1499.04,4.625,1.0272,19.4048,16852.5
1/17/2025,1.6646,1.4864,0.9394,7.5474,0.84453,160.23,1502.05,4.6403,1.0298,19.3288,16887.38
1/20/2025,1.6627,1.4924,0.9429,7.5431,0.84588,161.36,1497.2,4.635,1.0316,19.3381,16908.13
1/21/2025,1.6639,1.4963,0.9427,7.5443,0.84553,161.26,1493.41,4.6353,1.0357,19.2676,16921.73
1/22/2025,1.6603,1.4972,0.9449,7.5892,0.84466,162.72,1496.01,4.633,1.0443,19.2877,16928.83
1/23/2025,1.6594,1.4984,0.9442,7.5829,0.84468,162.58,1494.9,4.6235,1.0404,19.3143,16895.73
1/24/2025,1.66,1.5015,0.9494,7.5891,0.84413,163.9,1501.6,4.5841,1.0472,19.252,16900.5
1/27/2025,1.67,1.5096,0.9453,7.6306,0.84106,162.21,1507.97,4.6106,1.053,19.6537,17007.37
1/28/2025,1.6698,1.5019,0.9441,7.5517,0.83868,161.86,1506.81,4.5779,1.0421,19.4839,16907.81
1/29/2025,1.671,1.5011,0.943,7.5385,0.83723,161.5,1504.02,4.567,1.0396,19.405,16883
1/30/2025,1.6705,1.4997,0.9441,7.5436,0.83685,160.32,1500.02,4.57,1.0403,19.2738,16901.81
1/31/2025,1.6702,1.5035,0.9449,7.5363,0.83608,160.99,1506.62,4.6301,1.0393,19.3588,16941.21
2/3/2025,1.6671,1.5051,0.9393,7.45,0.83136,158.87,1504.01,4.5976,1.0274,19.3445,16864.57
2/4/2025,1.6629,1.4894,0.9396,7.4943,0.83188,160.52,1504.21,4.5929,1.0335,19.4072,16865.27
2/5/2025,1.658,1.4876,0.9395,7.5797,0.83085,159.25,1507.59,4.6091,1.0422,19.3507,17003.7
2/6/2025,1.6547,1.4865,0.9385,7.5511,0.83688,157.95,1502.98,4.5947,1.036,19.2822,16943.78
2/7/2025,1.6525,1.4883,0.9418,7.5634,0.83353,157.77,1501.65,4.6074,1.0377,19.1225,16933.08
2/10/2025,1.6448,1.4798,0.9396,7.5395,0.83283,156.92,1496.81,4.613,1.032,19.0069,16867.63
2/11/2025,1.6442,1.4789,0.9429,7.544,0.83355,157.28,1500.7,4.6148,1.0324,19.0894,16897.29
2/12/2025,1.6525,1.483,0.9457,7.5794,0.83338,159.22,1505.97,4.6354,1.037,19.1398,16953.65
2/13/2025,1.6591,1.4844,0.9421,7.5817,0.83313,159.79,1507.52,4.6287,1.039,19.2471,17024.53
2/14/2025,1.6514,1.4856,0.9442,7.6141,0.83215,160.09,1509.5,4.647,1.0478,19.2555,16980.33
2/17/2025,1.6456,1.4861,0.944,7.6066,0.83133,158.67,1511.85,4.6437,1.0473,19.3112,16993.02
2/18/2025,1.6466,1.4844,0.9425,7.6056,0.83025,158.55,1506.32,4.6442,1.0447,19.2608,17067.58
2/19/2025,1.6419,1.4821,0.9435,7.6017,0.82838,158.41,1504.72,4.6343,1.0434,19.3298,17081.19
2/20/2025,1.6382,1.4841,0.9423,7.5807,0.82823,156.6,1500.62,4.6262,1.0443,19.248,17011.8
2/21/2025,1.6394,1.4856,0.942,7.5933,0.8276,157.46,1500.16,4.624,1.0465,19.245,17077.52
2/24/2025,1.6434,1.4876,0.9415,7.5879,0.8283,156.81,1494.52,4.616,1.0466,19.2037,17044.56
2/25/2025,1.6538,1.4969,0.9386,7.6219,0.82908,157.19,1505.11,4.6449,1.0497,19.2862,17160.65
2/26/2025,1.6622,1.5054,0.9392,7.6125,0.82868,156.7,1504.35,4.6447,1.0487,19.2857,17171.68
2/27/2025,1.6638,1.504,0.9407,7.6127,0.82673,156.73,1511.87,4.6565,1.0477,19.2947,17238.38
2/28/2025,1.6741,1.5019,0.9394,7.5782,0.82608,156.96,1519.92,4.6459,1.0411,19.1917,17228.17
3/3/2025,1.6811,1.5104,0.9428,7.6282,0.8253,158.33,1526.42,4.6737,1.0465,19.5068,17216.08
3/4/2025,1.6919,1.5224,0.9371,7.6614,0.82788,156.5,1537.13,4.7153,1.0557,19.5569,17328.15
3/5/2025,1.703,1.5398,0.9514,7.7675,0.835,160.09,1551.65,4.7369,1.0694,19.7222,17496.99
3/6/2025,1.7037,1.5509,0.9565,7.8247,0.8379,159.24,1563.53,4.7799,1.0796,19.7579,17670.84
3/7/2025,1.7258,1.5566,0.9557,7.8561,0.84088,160.35,1570.47,4.7934,1.0857,19.7306,17664.39
3/10/2025,1.7158,1.5642,0.9512,7.8718,0.83849,159.39,1578.91,4.7973,1.0845,19.7829,17739
3/11/2025,1.7357,1.5731,0.9608,7.8929,0.84374,161.52,1586.56,4.8155,1.0912,19.9287,17937.42
3/12/2025,1.7297,1.5684,0.9619,7.8848,0.84078,162.23,1580.65,4.823,1.0886,20.0248,17929.24
3/13/2025,1.7264,1.5591,0.9579,7.8493,0.83778,160.64,1577.63,4.8064,1.083,19.9578,17799.48
3/14/2025,1.7237,1.5691,0.9641,7.8822,0.84183,161.88,1582.87,4.8418,1.0889,19.7832,17811.63
3/17/2025,1.716,1.5625,0.9616,7.8869,0.84026,162.26,1579.07,4.8464,1.0903,19.7797,17858.46
3/18/2025,1.7147,1.5599,0.9601,7.8907,0.84173,163.5,1586.67,4.8531,1.0918,19.7084,18028.24
3/19/2025,1.7208,1.5606,0.9583,7.8786,0.84078,163.27,1589.71,4.8339,1.0897,19.745,18008.06
3/20/2025,1.7242,1.5592,0.9564,7.8481,0.8369,160.85,1591.96,4.7947,1.0833,19.7062,17884.8
3/21/2025,1.724,1.5551,0.9547,7.8477,0.83765,160.99,1585.51,4.7866,1.0827,19.6831,17876.68
3/24/2025,1.7223,1.552,0.9544,7.8513,0.83663,162.15,1588.2,4.7994,1.0824,19.6168,17923.73
3/25/2025,1.7123,1.5459,0.9539,7.8571,0.83565,162.32,1587.16,4.802,1.0825,19.6632,17931.67
3/26/2025,1.7077,1.5387,0.9532,7.8381,0.83623,162.2,1580.86,4.7785,1.0788,19.6974,17922
3/27/2025,1.7101,1.5425,0.9524,7.8361,0.83318,162.55,1580.16,4.7794,1.0785,19.7061,17887.25
3/28/2025,1.712,1.5444,0.9525,7.8445,0.83358,162.64,1585.65,4.7912,1.0797,19.6113,17909.52
3/31/2025,1.7318,1.5533,0.9531,7.8442,0.83536,161.6,1594.71,4.7992,1.0815,19.8782,17992.97
4/1/2025,1.7255,1.5529,0.952,7.8431,0.83665,160.93,1588.43,4.7872,1.0788,19.7741,18062.4
4/2/2025,1.7146,1.5479,0.9543,7.8529,0.83455,161.22,1579.27,4.8117,1.0803,20.1042,18058.29
4/3/2025,1.7448,1.5636,0.9538,8.0919,0.84163,162.17,1615.11,4.9293,1.1097,20.9522,18547.91
4/4/2025,1.8098,1.5696,0.9407,8.0518,0.84985,160.56,1601.11,4.906,1.1057,21.0789,18750.74
4/7/2025,1.8174,1.5657,0.9377,8.0155,0.85588,160.58,1606.51,4.9132,1.0967,21.2745,18591.26
4/8/2025,1.8073,1.5512,0.9349,8.0359,0.85644,160.65,1618.79,4.9176,1.095,21.1803,18522.86
4/9/2025,1.8391,1.5671,0.9278,8.1179,0.86435,159.61,1631.05,4.9658,1.1045,21.7765,18715.31
4/10/2025,1.7905,1.5607,0.9299,8.1137,0.85755,161.28,1612.93,4.9514,1.1082,21.527,18655.61
4/11/2025,1.8201,1.5736,0.9252,8.2819,0.86678,162.07,1624.38,5.0178,1.1346,21.8788,19123.91
4/14/2025,1.8034,1.5786,0.9329,8.3196,0.86383,162.97,1617.29,5.0229,1.1377,21.5332,19125.14
4/15/2025,1.7794,1.5711,0.9242,8.2835,0.8557,161.85,1615.76,5.0034,1.1324,21.4541,19084.7
4/16/2025,1.7816,1.5807,0.926,8.2961,0.85618,162.09,1610.21,5.0081,1.1355,21.4054,19074.81
4/17/2025,1.7845,1.5773,0.9291,8.29,0.85873,161.98,1609.12,5.0069,1.136,21.3927,19162.33
4/22/2025,1.7945,1.5891,0.9318,8.3929,0.85858,161.05,1635.54,5.0397,1.1476,21.3719,19328.11
4/23/2025,1.7814,1.5789,0.9382,8.3199,0.85793,161.68,1623.36,5.0123,1.1415,21.2326,19263.67
4/24/2025,1.7823,1.5769,0.9392,8.2925,0.855,162.16,1632.79,4.9747,1.1376,21.2838,19170.72
4/25/2025,1.7797,1.5754,0.9421,8.2773,0.8531,162.8,1634.83,4.9676,1.1357,21.3608,19140.75
4/28/2025,1.7759,1.5744,0.942,8.2891,0.8514,162.8,1640.53,4.9555,1.1358,21.1585,19095.01
4/29/2025,1.7754,1.5746,0.9392,8.2715,0.8498,162.28,1632.79,4.9217,1.1373,21.0942,19059.27
4/30/2025,1.7798,1.5728,0.9389,8.2635,0.8518,162.68,1618.39,4.9074,1.1373,21.1095,18901.98
5/2/2025,1.762,1.5675,0.9343,8.2479,0.8533,163.93,1585.45,4.8338,1.1343,20.8458,18652.09
5/5/2025,1.7492,1.566,0.9336,8.2479,0.8515,163.19,1555.49,4.7641,1.1343,20.7679,18640.97
5/6/2025,1.7522,1.5629,0.9346,8.1735,0.8469,161.64,1564.07,4.7933,1.1325,20.6847,18592.54
5/7/2025,1.7553,1.5673,0.9359,8.2079,0.8511,162.89,1580.35,4.8155,1.136,20.7755,18762.86
5/8/2025,1.7605,1.5694,0.9325,8.1764,0.8476,163.45,1580.13,4.8362,1.1297,20.504,18641.58
5/9/2025,1.7572,1.5658,0.9353,8.147,0.8477,163.36,1575.72,4.835,1.1252,20.4835,18606.59
5/12/2025,1.7384,1.5531,0.9369,7.9999,0.8429,164.46,1576.03,4.7722,1.1106,20.3368,18501.71
5/13/2025,1.7341,1.5552,0.9358,8.0021,0.8406,164.61,1582.85,4.8032,1.1112,20.427,18513.04
5/14/2025,1.734,1.5632,0.939,8.0794,0.8415,164.01,1567.22,4.8108,1.1214,20.4644,18542.91
5/15/2025,1.7457,1.5645,0.9377,8.0661,0.8424,163.3,1563.75,4.7905,1.1185,20.2209,18483.55
5/16/2025,1.7458,1.564,0.9381,8.0659,0.8427,163.05,1563.17,4.8095,1.1194,20.2668,18427.62
5/19/2025,1.7471,1.5707,0.9394,8.1225,0.8419,163.26,1564.04,4.8325,1.1262,20.3248,18531.73
5/20/2025,1.7538,1.5683,0.9366,8.1154,0.8418,162.59,1567.69,4.8325,1.1241,20.2073,18461.54
5/21/2025,1.7569,1.5721,0.9352,8.155,0.8446,162.76,1556.99,4.8341,1.1321,20.2806,18486.8
5/22/2025,1.7608,1.568,0.9343,8.1477,0.8427,162.19,1562.67,4.8346,1.1309,20.3859,18472.97
5/23/2025,1.7569,1.563,0.9299,8.1197,0.8382,161.13,1555.77,4.7815,1.1301,20.3253,18382.88
5/26/2025,1.7488,1.5614,0.9356,8.1795,0.8392,162.63,1558.61,4.8016,1.1381,20.313,18496.57
5/27/2025,1.7624,1.5642,0.9386,8.1709,0.8381,163.72,1560.6,4.8138,1.1356,20.344,18490.41
5/28/2025,1.758,1.5649,0.9364,8.1402,0.8398,163.43,1554.23,4.7814,1.1317,20.2713,18469.29
5/29/2025,1.7513,1.5594,0.9339,8.1093,0.8377,163.47,1550.97,4.7877,1.1281,20.1379,18386.06
5/30/2025,1.7647,1.5656,0.9341,8.1576,0.8412,162.96,1563.09,4.8264,1.1339,20.2939,18519.93
6/2/2025,1.7606,1.5643,0.9336,8.2214,0.8434,162.98,1572.2,4.8605,1.1419,20.4734,18584.37
6/3/2025,1.764,1.5643,0.9358,8.1841,0.8436,163,1567.6,4.8334,1.1386,20.3913,18580.53
6/4/2025,1.7552,1.5601,0.937,8.1835,0.8421,164.15,1555.42,4.8348,1.1384,20.3178,18571.8
6/5/2025,1.755,1.5603,0.9365,8.2008,0.8419,163.66,1550.55,4.8319,1.1423,20.2755,18568.54
6/6/2025,1.7592,1.563,0.9383,8.1955,0.8426,164.62,1551.09,4.8274,1.1411,20.2736,18615.62
